[{"itemBarcodeID":0,"sellPrice":0.0,"numberOfItems":1},{"itemBarcodeID":1,"sellPrice":0.0,"numberOfItems":10},{"itemBarcodeID":2,"sellPrice":0.0,"numberOfItems":22},{"itemBarcodeID":3,"sellPrice":0.0,"numberOfItems":33},{"itemBarcodeID":4,"sellPrice":0.0,"numberOfItems":140},{"itemBarcodeID":5,"sellPrice":0.0,"numberOfItems":79},{"itemBarcodeID":1,"sellPrice":0.0,"numberOfItems":10},{"itemBarcodeID":2,"sellPrice":0.0,"numberOfItems":22},{"itemBarcodeID":3,"sellPrice":0.0,"numberOfItems":33},{"itemBarcodeID":4,"sellPrice":0.0,"numberOfItems":140},{"itemBarcodeID":5,"sellPrice":0.0,"numberOfItems":79}]